LP,ImiÄ™,Nazwisko,Rok urodzenia
1,Ania,Kowalska,1996
2,Ania,Kowalska,1992
3,Ania,Kowalska,1995
4,Ania,Kowalska,1995
5,Basia,Kowalska,1990
6,Zosia,Nowak,1998
7,Zosia,Kowalska,1993
8,Zosia,Nowak,2000
9,Kasia,Nowak,2000
10,Zosia,Nowak,1995
11,Basia,Nowak,1995
12,Ania,Kowalska,1996
13,Zosia,Nowak,1993
14,Basia,Nowak,1995
15,Kasia,Kowalska,2000
16,Ania,Kowalska,2000
17,Basia,Kowalska,2000
18,Basia,Kowalska,1996
19,Basia,Kowalska,1990
20,Ania,Kowalska,1995
21,Ania,Kowalska,1996
22,Kasia,Kowalska,1998
23,Zosia,Nowak,1992
24,Basia,Kowalska,1991
25,Ania,Kowalska,1994
26,Kasia,Nowak,1998
27,Zosia,Kowalska,1992
28,Ania,Nowak,2000
29,Ania,Kowalska,1994
30,Basia,Nowak,1994
31,Ania,Nowak,1996
32,Basia,Kowalska,1998
33,Ania,Kowalska,1993
34,Basia,Nowak,1991
35,Zosia,Nowak,1996
36,Basia,Nowak,1997
37,Basia,Nowak,1997
38,Zosia,Nowak,1997
39,Ania,Nowak,1995
40,Ania,Nowak,1999
41,Zosia,Nowak,1990
42,Basia,Nowak,1993
43,Basia,Kowalska,2000
44,Kasia,Kowalska,1990
45,Kasia,Kowalska,1996
46,Ania,Kowalska,1995
47,Ania,Kowalska,1991
48,Zosia,Nowak,1998
49,Basia,Kowalska,1993
50,Zosia,Kowalska,1996
51,Ania,Kowalska,2000
52,Zosia,Kowalska,2000
53,Ania,Nowak,1990
54,Basia,Kowalska,1998
55,Basia,Nowak,1999
56,Zosia,Kowalska,1996
57,Zosia,Nowak,1994
58,Basia,Kowalska,1995
59,Basia,Kowalska,1995
60,Kasia,Kowalska,2000
61,Ania,Kowalska,1995
62,Zosia,Nowak,1995
63,Zosia,Nowak,1999
64,Kasia,Kowalska,1995
65,Kasia,Kowalska,1992
66,Zosia,Kowalska,1999
67,Ania,Nowak,1994
68,Basia,Kowalska,1994
69,Basia,Nowak,1994
70,Kasia,Nowak,1999
71,Ania,Nowak,1997
72,Kasia,Kowalska,2000
73,Ania,Nowak,1992
74,Zosia,Kowalska,2000
75,Ania,Kowalska,1999
76,Zosia,Nowak,1995
77,Zosia,Nowak,1997
78,Zosia,Nowak,1991
79,Kasia,Kowalska,1997
80,Ania,Nowak,2000
81,Ania,Kowalska,1999
82,Kasia,Nowak,2000
83,Basia,Nowak,1990
84,Basia,Kowalska,1991
85,Ania,Nowak,1996
86,Kasia,Kowalska,1999
87,Ania,Nowak,2000
88,Kasia,Kowalska,1996
89,Zosia,Nowak,1991
90,Zosia,Kowalska,1995
91,Ania,Nowak,1991
92,Basia,Kowalska,1994
93,Ania,Kowalska,1990
94,Zosia,Kowalska,1991
95,Basia,Kowalska,1992
96,Zosia,Kowalska,1998
97,Kasia,Kowalska,1999
98,Kasia,Nowak,1992
99,Ania,Kowalska,1990
100,Basia,Nowak,1990
